Filename,Label,Prediction
05093e7c-4aca-4893-b5ac-43feb09a4abe.png,0,0
07215ccf-b0d8-4f23-867e-eba1b90df6dc.png,0,0
14316911-6559-4f61-87b3-2e205d5d9f82.png,0,0
15032f51-fe21-4945-84bf-ae9db6bf24b6.png,0,0
15312ae6-f71d-4070-84eb-fbe7a7b2b540.png,0,0
15768f22-a0eb-4076-ad9e-a67c7d14885b.png,0,0
1620558b-9abd-4114-80e4-50f5f10607a2.png,0,0
1772838b-0d7d-4b08-9ee5-da49a98283c1.png,0,0
20349ac6-f746-4b79-9c8e-504051b14f6a.png,0,0
23303749-83c9-4edf-b2a2-0f8c86f54fa0.png,0,0
24153035-99e3-40a9-a518-d2e46db3d63c.png,0,0
243505be-910a-4088-b838-ec95e6c8ca7f.png,0,0
254278d3-c748-4ae2-8e5f-229d9ea3b9c4.png,0,0
32552e15-3c06-48ee-ab94-3d3531bca4fb.png,0,0
35059cff-bf3c-4ce2-9d2e-13f228b27fec.png,0,0
36490330-249f-438e-be8d-348084660997.png,0,0
42146459-b749-4068-ad98-aab85b1396dd.png,0,0
4362104f-c812-48f7-a817-f874218d0b8c.png,0,0
45230e2f-5341-46d7-838f-d1d528055593.png,0,0
455673c4-e9df-4887-af2c-ea1c6f7de1be.png,0,0
46598b5c-5301-429b-a9c6-2af87b7ecaca.png,0,0
5341c1f0-a82c-46f7-8c73-8233241cbc54.png,0,0
5444ccec-7edb-48b0-b103-418382b129cc.png,0,0
5597332f-4fa7-4020-93fa-d2e3d9621d03.png,0,0
56889635-758b-4b5d-aaac-309a00dc8a21.png,0,0
56966aaa-a583-4ac7-b9a7-8daf52e8f13b.png,0,0
5783bb31-4038-45f3-bcf9-995ba906a89b.png,0,0
5931c602-9f4c-49c0-a8cd-820d342a11ca.png,0,0
5947a8f3-d790-42d5-8ae0-267710a8c6e3.png,0,0
6030afb9-5489-40f9-bfbe-2087b497d174.png,0,0
603712fb-4f53-475a-a6f6-add9631db5b4.png,0,0
6299cd32-038a-49cd-b39b-ab2b96ef2fb3.png,0,1
6384945f-126c-4bef-87ec-48bbafb9be1b.png,0,0
644039cd-33d3-4036-9141-b6ee39003593.png,0,0
6528d165-2f30-456f-a04a-58f6326af604.png,0,0
6813d186-b81b-476c-a49c-17089b878a2a.png,0,0
6891a561-7454-4e0d-b8d2-55b913640d29.png,0,0
6905690c-ec31-4504-b8bf-d916a1980791.png,0,1
7315c64e-792c-496b-8bed-84cdbdb066fe.png,0,0
74146ab5-5af0-42ef-8605-0108d2d037cf.png,0,0
744443e0-224a-4afb-a7c7-a1eac9820f2d.png,0,0
75238faa-741c-4ebf-a563-cd89396b9682.png,0,0
76853abf-058c-44d2-8ef1-38c3454efed1.png,0,0
7920e861-5982-48c5-a1b3-fcc779a8ae63.png,0,0
799853f6-118b-487a-9205-e0a566aa65e2.png,0,0
810711db-9795-473e-8881-7d64ed1b0afd.png,0,0
823897fb-05a9-417f-9306-cf24ac7da904.png,0,0
8269d377-93f8-45ba-ac45-bf162ea08f28.png,0,0
82719793-c5d8-48bf-b267-0bd77109ef52.png,0,0
8416641e-ae1e-4351-bc3c-5f21a22febdc.png,0,0
86304d18-265e-4fac-919a-91632ebc930e.png,0,0
88327039-deee-4fc2-8f69-4bc6facdd54b.png,0,0
8883f093-61bd-4579-ab7c-f48121141b95.png,0,0
8893fb48-9b62-427c-b921-91732b8b79e3.png,0,0
9059693d-3a3c-47f7-8ea5-6128ac704b2f.png,0,0
91412205-1e85-4d03-bc0a-a126dd6458ee.png,0,0
9176379d-2127-412b-aa5f-2e6b086b50db.png,0,0
93032479-bf2e-429e-8815-179e493deb0e.png,0,0
9427d977-1d3a-40ff-bad3-591d352a88a9.png,0,0
9596ebca-3c97-4e74-b062-d15a3897e862.png,0,0
9602301d-cee5-49a1-abca-7fec68caa5df.png,0,0
962952e6-7ba0-41b8-9ef7-3240e6bb2246.png,0,0
96575bd2-b489-4c1d-b434-f237e3f1390b.png,0,0
96996321-fd1f-4cdd-a603-0033bb4a1a22.png,0,1
983545d8-f248-43e5-9643-ee6668cb4397.png,0,0
9843c64f-e6d1-47f5-8280-f54eaccc6e9e.png,0,0
a0d096fc-abbb-4608-b3d8-dc327724b048.png,0,0
a0edae86-bf09-42c8-aca1-7c48772baa31.png,0,0
a198b701-dd87-46c8-9093-73f39ed03100.png,0,0
a199b9f2-55a9-4e54-a35f-1d9234a2de78.png,0,0
a2bdd68a-6824-4273-a0d9-ff924bbd004f.png,0,0
a32228f5-841a-4eaf-9aa5-81aa2fa6edf5.png,0,0
a382e21b-64ae-4c09-aa1e-0de074147902.png,0,0
a3b0ee73-0637-4b47-ba17-d63e64103adf.png,0,0
a3f87ebb-c8f4-479a-b124-e5943d3c8008.png,0,0
a452e1e8-0093-45b9-8945-450d25103df7.png,0,0
a53701e3-ee2d-496c-81a7-123f04306a64.png,0,1
a55a3ee9-0509-4254-8c89-078d55cc25e6.png,0,0
a64f6911-0935-4ff3-aa1c-ab031e2e2ce9.png,0,0
a6cfcbe4-152a-46f3-b320-e9f893460363.png,0,0
a6d6711c-e8b2-4623-a0da-15c78b4c2551.png,0,0
a73d1091-df13-4dd2-a4a7-077d6fc94005.png,0,0
a898fb03-8dea-4968-9aff-7db66b81f3d9.png,0,0
a91cd634-c880-4a64-9673-8b9913cad732.png,0,0
a996e2cd-4e21-4b62-878e-a0525ac9eef9.png,0,0
a99bfb7f-955c-436f-8b5a-62ce372bc125.png,0,0
a9fc8b3c-5d8e-40b6-9f68-48f6833c0b38.png,0,0
aaac6cd2-a749-45ad-80d7-e04de544da09.png,0,1
aacf7aaa-7bef-45b1-b97e-63910ef8fcd0.png,0,0
ab0486e4-050e-47b4-bf29-c76b9456841f.png,0,0
ac50c11b-c1da-4f92-b3e7-e54f3e6d612a.png,0,0
ac5fed93-ec29-4677-a5eb-02d99fc5efc6.png,0,0
acb3ac56-a2e7-480f-a725-1c8cfa6d4551.png,0,1
ad48923b-bfb8-4e82-b185-be5eea38016d.png,0,0
ad95f4fe-e2c1-4a27-9c1d-30f1946d6360.png,0,1
adae84fd-ea45-4b7e-ac86-efdb55ae4c97.png,0,0
af45e99c-456e-451f-aa70-3a7cef253d30.png,0,0
b06b1c0e-a9be-4535-b20c-fa553ae112f5.png,0,0
b0c6724b-8025-44f6-95df-95409dc22f5a.png,0,0
b12db51e-deb9-4efc-a48e-ce47192a2e8f.png,0,0
b1762b86-01f5-41d3-ac1e-943e277fd2e5.png,0,0
b1b7eb76-4abc-4042-b6a5-84e625e7aaa6.png,0,0
b274311b-9972-49b4-83a3-16dfb8386ec9.png,0,0
b277e13c-77f1-4057-a604-5d704c210765.png,0,0
b2b8352f-7983-441f-a7ee-129689724b7b.png,0,0
b2c4c87e-5682-4101-b762-dce6a2163deb.png,0,0
b37c67ed-5401-4468-a136-71e412519f31.png,0,1
b449b946-72ed-4e97-a99f-917be4dfdb07.png,0,0
b4566d10-b979-4323-8b6b-d005a37fa5e9.png,0,0
b58adf49-f550-4817-8e7a-26251bae5ee2.png,0,1
b593fe9a-48f2-4eb3-aa45-4e50e6fb74cf.png,0,0
b5a6341a-d9c2-4132-962d-527a698fd7cf.png,0,0
b5b1511f-a5db-414b-83ac-27fcb63d797d.png,0,1
b5efb6d1-a4a9-4d84-b882-1e4dfc7e4916.png,0,0
b6ea9d68-899b-410c-969c-83b767956ca9.png,0,0
b6fc00cf-368b-4e46-a7b5-c0f90255de6f.png,0,0
b7039a32-b786-4c91-aa32-e8b95108361b.png,0,1
b71e90a0-a0e1-4a35-98b5-fd5473c28a62.png,0,0
b73a26d3-2ddb-463f-b81c-393c98e210ff.png,0,0
b7411ee3-bdea-401d-bf8a-5d7a5c6bc414.png,0,1
b85e2a6f-b4f9-40e0-9b8d-55706350df97.png,0,0
b88d12b6-1018-4b91-8d25-36a4bf4e6f65.png,0,0
b8948b7b-ab37-4053-a2c1-e63b6701e210.png,0,0
b8b52a84-ab91-49ac-b691-7e20e0a717d0.png,0,0
b8dda83b-90eb-4dc1-ba61-ec601bc2e73b.png,0,0
b92cde09-c7a7-4ec5-aea3-647107fd1248.png,0,0
b99b69d3-52b6-4eea-bcc1-02aa9dba358c.png,0,0
b9c49f66-9312-435c-8b1a-e94faacb4151.png,0,1
b9ed11cf-5d57-46db-8c69-5d77e583807b.png,0,0
ba035e01-b5f3-4391-9679-3ccc61e50815.png,0,0
ba5ad6d4-9225-41b2-87e9-f17e13f8849f.png,0,0
bac12070-9095-42e7-a30e-775b08b83497.png,0,0
bc01bd91-c312-4eda-b0bc-819c2f01f311.png,0,1
bca56130-cb0c-4b8e-b48a-ed5205fcc234.png,0,0
bce6bfbd-9124-4c7f-8a32-68a5a98b576b.png,0,0
bdd2d506-170e-4e8f-a96b-f7ac161a472e.png,0,0
bdfe5c83-7598-41e2-963f-15550c75325f.png,0,0
be5d64dc-87ec-4e4f-ad0c-c0db461b4d63.png,0,0
bead7958-ff8a-4357-9ae6-ec10bd351793.png,0,0
bebe0516-8d0b-4893-9528-08424148e10c.png,0,0
bf17ed6e-fecc-4b5f-bafc-625da2a4cae2.png,0,0
bf364f2e-8d59-4561-9c38-482a74e92312.png,0,0
bf9ea433-f816-485b-bf38-9ee7a701dd31.png,0,0
c01decc7-cff8-4300-8017-f697aefa0260.png,0,0
c06f48ae-22b6-4683-a825-b07b4a199720.png,0,0
c0a0d84c-a7ac-47f3-ad1b-fac78fff1aa6.png,0,1
c138b17e-b95b-48e7-9ffe-97d327fb0245.png,0,0
c159206b-81b9-404e-acad-dd992e105194.png,0,0
c1668ae1-814a-4e12-8c6d-c794bf403947.png,0,0
c1b6f1a0-f4c0-4af3-b9c8-2bb0dfa5327f.png,0,0
c1b76c16-e319-49e2-bc17-303e7d5113ab.png,0,0
c1f8a111-de67-4985-845f-772116b13095.png,0,0
c213c8c1-1464-4a9b-a2c6-c64e1545d90f.png,0,0
c22fe52c-6423-4a74-af0a-9ebebaed3cad.png,0,0
c436270c-90b3-4ed8-90c5-6d212a36388b.png,0,0
c43822e6-56c1-4415-a98e-2fb178941d04.png,0,0
c48383e8-8cf9-4e20-b0b0-0df9410ae8af.png,0,0
c4ae3d69-4610-41d1-80a4-e7472a788d4a.png,0,0
c56c670d-794e-4412-8b21-526ca463f5fa.png,0,0
c5878544-e1a8-4e07-a928-1ac84e3ee02f.png,0,0
c5fa7145-0308-496b-a824-0f5e63825994.png,0,0
c75957b8-d87b-4379-85c4-80a7ff73163f.png,0,0
c763206a-1da0-42a9-8622-9907fd24037c.png,0,0
c7bb992f-227f-42b4-a7b3-20b00f5147fb.png,0,0
c91f2c8a-0eb2-4515-b21e-cecf30a3656f.png,0,0
c9205b13-8713-4a05-8862-4f60c3a2f9cd.png,0,0
ca5c575d-aaeb-4955-af09-7ca87c73436b.png,0,0
cb922ede-e4f9-4690-a613-db08288e431d.png,0,1
cc5e0f67-27ff-4e98-a701-4db575954708.png,0,0
cd68dfb9-7d9b-47ec-8f3f-8b82df5fc28e.png,0,0
cdc1614d-ab90-44a4-8310-c9beb1caa2c1.png,0,0
ce0b01b5-4b52-44b8-8ff8-ff7cd845658e.png,0,0
ce4ec47e-195c-4b0d-87f3-6fb7d4e48473.png,0,0
ce5d9191-5d75-470f-bb6b-5ed7185641c8.png,0,0
cf4436b2-f54b-4994-9069-47799ef6dc9f.png,0,0
d0e42263-c9c0-4915-903d-b9ff89eb85a5.png,0,0
d2bb0965-284e-4683-aaaf-c90c2d2c79b3.png,0,0
d3c9e247-a54d-4b8d-ba5e-8a2dc51ab174.png,0,0
d4ca989f-7f03-447e-9a14-8225879dbf4d.png,0,0
d50368dd-289a-4414-8643-0ec6729a8aa2.png,0,0
d53f0abf-3de3-454a-91e2-efd22366c90f.png,0,0
d582ae73-c1f2-466e-8b96-ff25bc0e01ee.png,0,0
d5ab7c32-24e0-4437-8ff5-daa74dff065c.png,0,0
d5bfda34-da89-49f5-82e3-739d20164363.png,0,0
d5feb048-696a-46d9-85a8-b92b312764f9.png,0,0
d61be2c3-a180-4661-807f-66415c124bcd.png,0,0
d6a59ebd-d97a-466f-8961-d5c0ea06040f.png,0,0
d72262b9-2abc-4a53-bdc3-e802006aecb1.png,0,0
d72a1edc-f6aa-4475-b45f-329f1f876c78.png,0,0
d81d6b0e-7b0d-4f63-a78a-816e7e68c866.png,0,0
d873709a-44ac-4c4d-895a-a009a945a2fe.png,0,0
d881c9ae-f66e-490d-982e-025a7c45d8bb.png,0,1
d8fac36c-9b99-4951-9164-ba90ce220b26.png,0,0
da7425b2-dc4d-47a2-b577-d47ba8f02262.png,0,0
db10c8c5-7b2c-4f3e-9a9d-3f3124f8d199.png,0,1
dd11aa22-ce0d-42ac-b5bc-58f286144637.png,0,0
dd3b7994-5c56-45e0-bb21-b3ce5ad32ae8.png,0,0
ddecf772-5807-4fec-bdfc-1b072a6bc2f5.png,0,0
de146f18-10d4-4f76-8773-c23d6523cfc5.png,0,0
de7d1f1e-546e-4e78-97b6-8f470e3073f8.png,0,0
df78e856-e59c-4bb8-8209-4710fd4c5354.png,0,1
e0e4cc97-6180-4e94-868e-f7ba52ef4b02.png,0,0
e1a714b5-234b-49b6-96d3-f780d161b246.png,0,0
e2f1ae40-be61-408b-b5cb-9f9582196d7e.png,0,0
e30225fe-5582-4fb4-afd4-786196e45cf7.png,0,0
e35908b0-8b27-477b-a4cf-15660f3e078c.png,0,0
e48e80ed-76de-43e6-9eae-cdb6dcb5d337.png,0,0
e4d6d832-5529-4ef4-b934-5720f43d6d9f.png,0,0
e5ff50c3-d066-45ef-b4ce-938216bb144a.png,0,0
e6626819-83c9-4605-92f6-62002af69aea.png,0,1
e698edb1-5941-43d2-896f-fed27e494085.png,0,0
e6ac62d6-0ef6-4cb8-b998-4f84d32742d6.png,0,0
e6d97458-730f-4672-a142-ccf3b1055ec9.png,0,0
e839e6ce-4e95-480c-ae1f-d4d948d5ba5e.png,0,0
e8ba92c7-40de-440d-98c6-78cddbbf7769.png,0,0
e92cc1dd-8f9e-43ab-860e-bf53179ec285.png,0,0
ea85f78c-2ba8-4b0a-8b18-72408f0412c2.png,0,0
ea9e8fdd-df40-413e-bab1-af51d52c8c1b.png,0,0
eaab533b-eeb7-46c8-8d9c-cdc256188ea6.png,0,0
ec01ba9b-da9f-4db1-b4f5-a437d616a1e4.png,0,0
ed0d4fe0-75bb-455d-a9d8-aae40d09c216.png,0,0
ed30ba72-aa27-4022-a1d1-953bc5b04a6c.png,0,0
ee2576ec-8757-4502-a071-3644cd0bf126.png,0,0
ee2e9cae-430e-490b-b16e-1b56b0630f63.png,0,0
ee3cf7ca-b881-49e6-92cd-f8ff4a59cbf2.png,0,0
ee6e5968-606f-460e-837a-b5913b29802d.png,0,0
f0366451-5c58-4017-869b-2eac00e9ae49.png,0,0
f0808a93-57b9-4d6d-aa8b-17bee90157b8.png,0,0
f0a1d017-6404-4e63-beb8-e28459066554.png,0,0
f19e0126-f7ed-497b-964c-5223b64bbe5b.png,0,0
f1c86fe4-0c21-4514-8ad0-d925dca5191e.png,0,0
f2431af2-3987-4e54-9369-fa33518f57eb.png,0,0
f2f0b592-a8f2-4889-b035-d7a8f07c5bca.png,0,0
f4cbfbbc-db2c-4405-bd5d-abae5d050aad.png,0,0
f5270840-3300-40f6-91f9-34abf956eb3b.png,0,0
f5749a38-38a4-45ab-8cb2-9f8fd24c8a0d.png,0,0
f5d7b284-03e4-4b22-915f-d1b868498ba3.png,0,0
f5e56b74-7b7b-4a10-9692-67a3c7b9fc9f.png,0,0
f6a495cc-d2bd-449c-aa6e-dfcb20b18e8b.png,0,0
f6d1e180-4252-4b6e-873b-25934e6a4964.png,0,0
f6d95b96-d4aa-4979-96bd-bf695700840f.png,0,0
f719624d-8655-4f4f-bd3b-b0fbea690459.png,0,0
f78b7e26-a69b-4cad-9f2a-09ed9aadeddb.png,0,0
f7d292ff-091b-403a-9272-85064ff3c95e.png,0,0
f88add45-aaef-4f1d-8969-c7961856fc85.png,0,0
f9d2ff07-a950-4d57-94b8-92727669b7e1.png,0,0
fa3fdcdf-b65b-4964-a81d-61f04821d6b8.png,0,0
fa4010ec-5b6c-46d6-9a67-2c8f90f06d44.png,0,0
fb5a631b-09e9-4b26-88a8-cdabb491f6f7.png,0,0
fbad3f19-ad3e-4e22-b110-979744799158.png,0,0
fbdae631-bc52-49bf-a7ac-e927207e1e70.png,0,0
fc8bd700-55c7-4044-92ee-83d2e2fbeea5.png,0,0
fd4e747d-4e9d-41a3-91f1-bfcfe98878c6.png,0,0
fd75c8fc-37a1-488f-9672-8b75341e0fe1.png,0,0
fd780403-187a-43a0-8935-509b91c01b9a.png,0,0
fe96e25f-41a0-410f-b178-17a05cc73459.png,0,0
fff408f4-b3f4-4c1d-a57b-b9f5c9d950ac.png,0,0
17776a6f-6cad-4447-a706-99abac634800.png,1,0
17963930-0ca9-41cb-929f-33985e8a2c90.png,1,1
23885aa0-e6a8-40d1-bdf6-651310f246d0.png,1,1
26458bd2-7304-4f50-aded-052472016826.png,1,1
28146c49-c987-4293-be45-3500492f5c8e.png,1,1
2924142a-b725-4fac-9057-a340b5fbef3b.png,1,1
35855241-360d-4149-b113-e3e6601f9472.png,1,1
4046929d-01fe-4da2-a8eb-eb8bd4fa5ddd.png,1,1
409402db-6cc6-4620-a009-8bb9a819a312.png,1,1
43817e25-d298-4ae1-b2aa-3ecc5ce739b5.png,1,1
45912e15-ca64-4a5d-b2a7-3d50ed53d8d7.png,1,1
47868a24-961c-4ae1-afe4-049e3d19fdd2.png,1,1
4935591f-4ca1-4893-955b-2cd255808aba.png,1,1
5006554b-3d0d-49db-b4b6-9a94f7989a3e.png,1,1
50647894-8025-4aab-a27e-07f630bc1e86.png,1,0
51385462-923a-486b-96db-c1497e3dfcb2.png,1,1
5141d284-d4c5-408a-aa17-5f8056f0f830.png,1,1
520042b6-d975-4e35-877b-87fdffa34c27.png,1,1
5205318b-c4f6-4c26-81cf-75c0e446eeda.png,1,1
5234018b-b051-427a-b767-a1bed6b9634d.png,1,1
54687fab-b5fc-482f-84c6-8084a640b8d2.png,1,1
54874d13-3fa7-400d-9426-5340c74a2355.png,1,1
5495a00e-b937-4f6a-95d3-c330454fad88.png,1,1
5645d263-1e94-43e2-849e-846c1634754d.png,1,0
56986048-75c4-4fb5-a638-2adbe5e90648.png,1,1
5834977d-48de-4170-adea-a53b79c9cd3e.png,1,1
5994bf4d-f325-419b-ba9f-fed4e4fa2564.png,1,1
6406dd79-1876-4108-9365-80740d1f515b.png,1,1
6629c87f-956e-4728-915f-9999e985a03d.png,1,1
775877af-08da-41af-8ad2-531c4e9e4128.png,1,1
7990dce9-2327-46d0-aa7e-7d32ab856065.png,1,1
8500d951-10f2-46f3-ac13-55d9c65041eb.png,1,1
91657c04-96d2-46ba-9b15-5f9963b6f713.png,1,1
92403497-51c4-457d-9144-2fcdf872432a.png,1,1
971799a5-0b27-406c-9fca-f1e0fc10da84.png,1,1
97341c63-424b-4da5-b797-562638587e66.png,1,1
999768db-c76b-454c-88c2-d1595885630f.png,1,1
a038679e-fd9c-4d8b-bf99-370e192cd4aa.png,1,1
a0623af7-62c4-4ac9-b8d1-54c5a7d94d86.png,1,1
a11a5c90-fbd9-4624-ac0b-afdb5607b5b8.png,1,1
a3114b2a-cf42-44ad-9d55-c1361715d29e.png,1,1
a495f605-0d4e-4198-b184-d926b56d653e.png,1,1
a4be1edc-d9ab-415d-a3bc-8ea18a3ec5c0.png,1,1
a4c92506-7125-4fd5-9bad-2b7f9cd59133.png,1,1
a4f1474c-db10-43f3-af9d-7bff5eee6708.png,1,1
a5d93778-0cc3-4965-a1d6-a435373521cd.png,1,1
a61b74d2-8d68-46a3-8d55-dd0ba533476d.png,1,1
a701254b-6a69-48b6-ae0a-0eb1f176a32f.png,1,0
abe77c7f-aab8-4df3-adbb-c382fda2ded9.png,1,1
acd6a1c5-236e-4de7-9d51-6b6e801e1f7d.png,1,1
ad3894db-54b6-4c42-b703-edb834cba763.png,1,1
afa8caee-ed45-4581-a8b3-8081142d6a31.png,1,1
b02fd6da-6f2f-47b1-957d-f830ac104dec.png,1,1
b13a5dae-a2f0-4b02-8eb5-c2cd73d3ece1.png,1,1
b1495452-8d5a-47f7-9ad4-fb605d2c7644.png,1,1
b2990130-d05a-463a-822c-162ad509ae71.png,1,1
b5f29944-f2f3-44f6-91e0-9fc5d1797049.png,1,1
b6ade3da-99fc-4692-9541-8e22c2be31ee.png,1,0
b7f56960-b049-421f-aac0-525093d266d3.png,1,1
ba245289-a679-48bd-a8fd-676637c9264f.png,1,0
bbee88ac-83b3-4310-a7e8-1a34f35b4ca7.png,1,1
bc500c28-fe49-44a4-a783-0ff87b1f80db.png,1,1
bcf4a287-004e-4ba5-b9cb-75c4bc7d6e7e.png,1,1
bcf4f492-3248-423e-b0f7-9f57893585fd.png,1,1
bd035b12-2815-4a2e-8eec-cc7075d658a5.png,1,0
bd0aea99-98cd-412f-a129-f99c699aef5c.png,1,1
bf65e123-c3a3-45b9-84d7-6eab5c538422.png,1,1
bf9a0f80-e465-4a9e-9de2-c171400a397a.png,1,1
bfa819bc-5dbc-459a-882f-d9aad5ca505e.png,1,1
c03cf8b2-42bb-47d4-ac7d-38defd1a542f.png,1,1
c0926a13-2bed-4fd5-8e7e-7a4a36f4e5e1.png,1,1
c098e5f7-7b22-4a43-a334-b91a0350616f.png,1,1
c2344b1a-b690-4807-9391-d033279919d9.png,1,1
c43143ec-9c86-44bb-82d0-4d3d1f515103.png,1,1
c46f0ad9-8e70-498b-ba61-a1f5ffdfef85.png,1,1
c48ecae3-39a6-4ac4-baae-64259455785e.png,1,1
c52d538b-6002-4ce8-be71-531061b01152.png,1,1
c55e369c-e4c7-491c-baeb-737c43baab09.png,1,1
c5b5bb82-b916-4b1a-942e-09879ac31921.png,1,1
c6069a3c-d72e-4b88-838e-279e6dfb4429.png,1,1
c8a0790a-bad1-4e55-ab1c-27db1de9adb7.png,1,1
c9bdd749-c79d-40db-b524-d1b99ca938f7.png,1,1
cd820471-e59d-41dd-895b-ba169d18b467.png,1,1
cd9194c1-4980-4e37-8226-12dbadb5b75b.png,1,1
ce0c4697-0062-4391-8bde-69a319080417.png,1,1
ce0fe6ec-8236-410a-b04e-8e433e73cd65.png,1,0
cfd7cca0-1f0c-44d3-a2c4-7b8085690261.png,1,1
d0ff9d64-9eb8-4077-afa3-8d5dabaf891f.png,1,1
d265f0a8-e2bd-4476-84f3-b1e0dc9f8f63.png,1,1
d2e747c5-83c9-41aa-afc6-291c1d1f4e8d.png,1,1
d4256bed-fce8-40a9-b1f7-34dd3ee630ba.png,1,1
d671c4b4-ebd3-4ebc-9a8f-1d0e34e92e20.png,1,1
d7e50729-dae2-4c71-935e-52a5cf890050.png,1,1
d9945705-9db7-4115-9244-cf815fc95a69.png,1,1
daa88a27-6e5b-4cc4-852a-26b9530cc2d1.png,1,1
dbb832ee-9713-424c-bd9e-0ef899ac4ea7.png,1,1
dc37e553-008f-429e-b4ce-db23137cc958.png,1,1
dd213fd2-34c4-48c8-9e99-7685652ecb11.png,1,1
dda4f0c2-03c8-4e16-a37a-a828b36feec9.png,1,1
e1522b4e-10a7-4a55-80be-6babb251081d.png,1,1
e18f4174-bb98-486e-aedb-8f882dd04fd6.png,1,1
e1af7b2f-4a30-45e8-9c41-48565b312d50.png,1,1
e1e1c4e7-6679-4c8a-a457-4d98c22c7fb9.png,1,1
e1ea6bf5-c7fc-4652-80cd-244223157b68.png,1,1
e293f66d-e43f-4bb3-a590-379c2aac119d.png,1,1
e2d4c4df-2eee-4240-98c7-0b9086ecc914.png,1,1
e47c0c7c-8b7b-4c0a-94c6-d9feefce6da9.png,1,1
e54266da-cd29-472e-a122-122944e03dc4.png,1,1
e6d57310-459f-403b-9c3f-7161339b27b8.png,1,1
e6e212db-4355-42e3-9732-68af9d707238.png,1,1
e6f896f6-acae-48c1-a605-9cc0e6c14844.png,1,1
e8049478-611a-4c84-a868-fef75d3e36bf.png,1,1
e8179dee-f594-4405-bf22-b51b6c285548.png,1,1
e8dc159b-6ac4-4998-8c01-3ab4401ed30b.png,1,1
ea43d03c-292c-4c95-87fa-2b10c78b541e.png,1,1
eacc4a3e-e966-4b74-a419-96ada4428cb0.png,1,1
eb11f768-ea52-4d29-a77d-7fb7061d5f39.png,1,1
eb1afb42-af19-4eaf-825e-ea2795c93bc4.png,1,1
eba570e5-c5b2-41db-8465-07ebbca2acb1.png,1,1
ec40bea0-b0e3-4dfa-aace-4260f4379e67.png,1,1
f00832be-4098-4aec-882c-1b6352860975.png,1,1
f088cfa8-30f8-4aa1-823b-5a52f0d088fd.png,1,1
f1a7bca2-961f-465b-9031-20635c7c21b5.png,1,1
f279a4c8-335a-44f3-a18e-1e4af377833b.png,1,1
f3108c28-d359-4434-a86d-c7593d081ffd.png,1,1
f42c3fa5-1eca-44f9-8335-0f7639e8e066.png,1,1
f42d9667-142a-4628-8310-bc288a1ea433.png,1,0
f4ae09c3-054a-4d85-8e00-47a95388f357.png,1,1
f6936a9b-8d96-44a6-a49a-a1eccdd7aca7.png,1,1
f6f2b81e-a446-436f-a948-614c9fde5c37.png,1,1
f78ec99f-04de-4a9b-9a9b-993a4cc9d24f.png,1,1
f822e3eb-799e-47c1-9cc5-4073079fdd9b.png,1,1
f855036e-12d3-4dc6-bca0-15d0c6a3e6d4.png,1,1
f8c1aa19-bde4-43fd-a06f-f7414016ee8d.png,1,1
fbf4a716-9ca5-4482-853c-4a6edb89e88c.png,1,1
fbfc449d-b1da-4051-87c6-c347333c685b.png,1,1
fbfd1d27-7dad-43e3-9562-947714304b64.png,1,1
fc125be0-bacd-49f2-894a-494fbccb67f7.png,1,1
fc551931-4928-4e27-bf8b-aea80e582a06.png,1,1
fcce1fb7-793a-471e-a6e7-14fb52ffefdd.png,1,1
fce57282-706c-4367-a2c9-4ebfd0cc43c9.png,1,1
fd15d3f0-8483-4d09-83f1-d46900e523ab.png,1,1
