Filename,Label,Prediction
06199df3-ec73-4e30-a9b1-28c75f03089d.png,0,0
071739d9-2fa1-4317-8798-628b92322166.png,0,0
10340ba5-6430-4f07-8314-92d7d6535e13.png,0,0
11554f7d-82a1-40de-afbd-78d5c69fad2e.png,0,0
11946f69-205f-4f9f-9c66-76ea1a5ef101.png,0,0
1327026d-266a-40b0-ac70-5570a2b5cf8b.png,0,0
15032f51-fe21-4945-84bf-ae9db6bf24b6.png,0,0
15569758-6e34-44e8-9277-7820f19ed2ad.png,0,0
188417e4-7251-42b3-ad72-1069692199ac.png,0,0
190130ba-7d32-461c-af40-512b6c10dc7a.png,0,0
23492653-a0c4-495e-b46f-7115cc19e019.png,0,0
257138e4-6815-4db2-9624-7060f0dedda6.png,0,0
2832686e-cb67-4117-846f-62433095e92e.png,0,0
29298c02-2496-4a2a-88b9-89bf0296cb2c.png,0,0
33491b55-d1a9-480d-9506-2bbc44c88961.png,0,0
36259e0b-6089-4734-bed4-2cd03ab1cde2.png,0,0
365346b6-bc36-42fe-8b65-232717e4591b.png,0,0
36581e0f-091c-46d4-860d-d62e8d324a20.png,0,0
376800f3-e77b-42f0-a31a-d8ee31c978d0.png,0,0
45230e2f-5341-46d7-838f-d1d528055593.png,0,0
48700479-d19c-4ddb-aefb-3694ad505fe3.png,0,0
49548b55-aaf3-4845-8814-90fdf4e7ac21.png,0,0
4961fdd8-5b8c-428e-bcd1-8f65f8aecfe0.png,0,0
5053e9c1-242c-4f09-a420-341230824144.png,0,0
5591473e-944e-428f-a750-e4fd4e8ddb8d.png,0,0
56836536-5744-4c00-8b44-31804814adda.png,0,0
5947a8f3-d790-42d5-8ae0-267710a8c6e3.png,0,0
597617d0-3f83-4f51-83df-b602a8679444.png,0,0
6030afb9-5489-40f9-bfbe-2087b497d174.png,0,0
6210b585-abb4-46e1-bd91-be0c5a7a2c82.png,0,0
6384945f-126c-4bef-87ec-48bbafb9be1b.png,0,0
64037666-946e-4832-8216-964f51ae8100.png,0,0
6528d165-2f30-456f-a04a-58f6326af604.png,0,0
6787b0b4-6626-48a2-9c7b-45b57180921e.png,0,0
684029eb-8a28-4fd4-ac5e-4c52be4c1972.png,0,0
6877825b-cce6-4bde-b15f-628881bdb85e.png,0,0
6905690c-ec31-4504-b8bf-d916a1980791.png,0,0
69735ab4-1b4e-49a8-97a0-a75cb5877dd3.png,0,0
7278f890-4848-4b40-95f2-af0f33a369d7.png,0,0
74645b53-ae7b-4171-b39c-c8b41e9db756.png,0,0
75886d73-a65d-4aaf-a50f-9405d932d836.png,0,0
783411c8-32af-48ae-8ed5-44da51d94b63.png,0,0
79155aac-65f3-4e28-823e-8f8cb13cc627.png,0,0
799853f6-118b-487a-9205-e0a566aa65e2.png,0,0
8226d477-16e2-4fd5-af70-fa4cadcab8c6.png,0,0
84240830-7a11-48c0-b8b4-d67ce0cb0c69.png,0,0
8668417c-6b26-4e5e-92fe-4dffe48c9f34.png,0,0
87952b3a-1991-4617-be19-7e4cfcfcb4e1.png,0,0
8883f093-61bd-4579-ab7c-f48121141b95.png,0,0
8893fb48-9b62-427c-b921-91732b8b79e3.png,0,0
896013ae-529e-49d7-b421-0a733cb1d319.png,0,0
8983e817-57a0-4c51-9d46-ae1cf1fe3748.png,0,0
9172b3e9-0a5b-430b-be94-4f811fb7dc0c.png,0,0
9203c94f-1a6f-4389-991e-e6ffe5bf33a4.png,0,0
93032479-bf2e-429e-8815-179e493deb0e.png,0,0
9318d6d9-dcd5-46f4-bb8c-5a6c15cb9135.png,0,0
9596ebca-3c97-4e74-b062-d15a3897e862.png,0,0
96575bd2-b489-4c1d-b434-f237e3f1390b.png,0,0
9722658f-80b3-4365-a9f6-66442259637e.png,0,0
9853a734-4ed8-4496-a95b-13a5291a3c33.png,0,0
9922ce21-9f98-412f-b5a7-907653d54bb5.png,0,0
992972a0-0858-44f7-ab87-7cf7929248c4.png,0,0
a011b855-8f94-413c-80e8-c4914bde5220.png,0,0
a05232b4-eca6-4b15-90f4-f3c1196a9ed4.png,0,0
a15491d0-8a15-4aa4-b2e0-ec4ff2180b01.png,0,0
a17ab147-fd62-44a4-be0a-67eeef59e893.png,0,1
a198b701-dd87-46c8-9093-73f39ed03100.png,0,0
a2a97c2d-2724-4616-8ffa-fff1be1b43e7.png,0,0
a2e4b420-7e53-44b2-ae46-f0524c278bfb.png,0,0
a32228f5-841a-4eaf-9aa5-81aa2fa6edf5.png,0,0
a4419670-65cb-4139-a5f0-c4d6ab8f98f4.png,0,0
a4ad9731-cd7c-4054-99ce-cd49dc957807.png,0,0
a4e7cdb5-6f32-47b0-8648-45d42cda18ae.png,0,0
a55a3ee9-0509-4254-8c89-078d55cc25e6.png,0,0
a6d6711c-e8b2-4623-a0da-15c78b4c2551.png,0,0
a7341200-af59-4556-86e2-5de1e6f1febc.png,0,0
a73a6007-9037-4efa-bff5-cd41e2cd9fbe.png,0,0
a85a25e5-e9e1-4aa2-bd58-1893ca6697c0.png,0,0
a88f03fc-ebad-4bec-a82f-b40a2e0a1eac.png,0,0
a8d8d8d7-bda9-47d7-addd-6cbd0f2ff013.png,0,0
a91cd634-c880-4a64-9673-8b9913cad732.png,0,0
a996e2cd-4e21-4b62-878e-a0525ac9eef9.png,0,0
a9cb8d6c-d75c-41f3-8b3f-552776011a4c.png,0,0
a9fc8b3c-5d8e-40b6-9f68-48f6833c0b38.png,0,0
ab8f7d58-00be-44a1-ba72-daab19b0f45b.png,0,0
ac0f4a1e-a31e-4153-aa3e-2ff8ac82f5ce.png,0,0
ac1f5af9-9b31-4348-b323-18573ae94a97.png,0,0
ac5dcafc-e510-401c-80f2-31ede10e4af7.png,0,0
ae792c8d-ac08-4786-a3a7-afc83f29ea79.png,0,0
aedd6837-d895-4be3-880e-bde77bfb4367.png,0,0
af6285a9-8336-45b0-af9b-481e3e83c347.png,0,0
af8ae8ae-2eb1-46f5-8971-5046f8c01138.png,0,0
b0ad3a3c-4f21-4542-95d4-1fba74625ce8.png,0,0
b0bcdc10-b1c9-494e-80a3-4b529c9b49a9.png,0,0
b0bf6ffd-6535-4868-be88-cc56595e8de6.png,0,0
b0cbe473-46ba-485b-bc61-3cfa90c7dc21.png,0,0
b0efb3ac-1c6e-44e0-879e-e3e644ece01e.png,0,0
b199ab20-11fe-423c-8fa3-8822e52422e9.png,0,0
b2408ee2-9a9c-448a-ac03-2bd5126cfc6a.png,0,0
b2721416-a48c-437d-9cae-f07771d7b39f.png,0,0
b46d74bc-bb3c-43cc-bd84-d1dc2b3b9795.png,0,0
b4f0baa3-711e-455c-9709-af8ca812a101.png,0,0
b5a3cce7-7b46-438f-96f3-574df1030c2c.png,0,0
b5efb6d1-a4a9-4d84-b882-1e4dfc7e4916.png,0,0
b696ef19-4023-405b-b2b8-64f8ede0a157.png,0,0
b6e7c16e-332f-431c-92bd-36a6c5b9278d.png,0,0
b71e90a0-a0e1-4a35-98b5-fd5473c28a62.png,0,0
b8824bd7-d0b3-4c97-9d57-c89ce91e6099.png,0,0
b883f68b-34c0-4fe8-8cbb-706541ab31f6.png,0,0
b92cde09-c7a7-4ec5-aea3-647107fd1248.png,0,0
b96a8a77-9321-436b-b0e1-7cea071e4925.png,0,0
b9ed11cf-5d57-46db-8c69-5d77e583807b.png,0,0
bac12070-9095-42e7-a30e-775b08b83497.png,0,0
bac72fef-19a8-401b-b0d8-0ffaf5fe396d.png,0,0
bb8130ad-d136-47d3-b707-5400a653c800.png,0,0
bc01bd91-c312-4eda-b0bc-819c2f01f311.png,0,0
bc39c729-633d-4b2e-97e6-ecb3cda6e213.png,0,0
bca56130-cb0c-4b8e-b48a-ed5205fcc234.png,0,0
bdfe5c83-7598-41e2-963f-15550c75325f.png,0,0
be4d1d82-2daf-4930-bcd5-7bae240659eb.png,0,0
be9bfa64-d634-4d5e-a08e-e83292aa9f61.png,0,0
bebe0516-8d0b-4893-9528-08424148e10c.png,0,0
bee2848a-8656-41fd-aa0c-c400be688952.png,0,0
c194ed84-0bd5-4921-afe9-4c8bf6d56ba3.png,0,0
c1b2689f-a7b8-4410-b02a-bef7b30742c7.png,0,0
c2287b01-e6ac-4368-9581-13e24e9ab399.png,0,0
c22fe52c-6423-4a74-af0a-9ebebaed3cad.png,0,0
c2b8909f-8665-4621-9614-f0c3d355a2fc.png,0,0
c302d8c8-5f9b-403a-b868-dc9efd65004f.png,0,0
c32a5823-a12b-496c-bfdf-f7f1cea37618.png,0,0
c3b15b01-6b22-4295-a1b6-7c510ddf9d4e.png,0,0
c3cde9b8-d29e-4bf5-810d-79bda34aeca0.png,0,0
c44a40e8-a562-4491-8830-e46abd8887a6.png,0,0
c4616227-63f7-470f-954e-8f89359875c1.png,0,0
c48383e8-8cf9-4e20-b0b0-0df9410ae8af.png,0,0
c4959c46-f0ed-4fcf-b6b9-e6d0a31d0555.png,0,0
c505c61a-dae0-41b3-8949-514fcd2ec229.png,0,0
c5878544-e1a8-4e07-a928-1ac84e3ee02f.png,0,0
c5bd6080-723f-4044-825b-0d19f05f3922.png,0,0
c604342e-2ef6-43e8-8b3f-1b6be13876e3.png,0,0
c69bf99d-43fe-4d9e-bb69-35b01c335d0d.png,0,0
c7032aa6-0f64-4c75-8631-fbcd9f851c00.png,0,0
c77531a6-7b5f-49ac-8f3a-efe5d507382d.png,0,0
c7bb992f-227f-42b4-a7b3-20b00f5147fb.png,0,0
c81d950a-8d2f-404a-89df-c651a3a8eef9.png,0,0
c850ad73-ae5e-42de-ab77-a135ac422363.png,0,0
c8b3964c-8834-4176-83eb-c777f1378006.png,0,0
c9207995-d3c0-4ce6-8801-63daec158459.png,0,0
ca18a067-7d95-4156-bc98-e7d173a20af3.png,0,0
ca21b9cd-27e6-40d9-8183-6e165b16e740.png,0,0
cac2efad-7f78-4a70-84c2-00f292eb8a30.png,0,0
cb922ede-e4f9-4690-a613-db08288e431d.png,0,0
cc3e5e58-2111-446a-9b62-72911f01490b.png,0,0
cce5242f-8cf8-4392-b3d9-ea46019ae55a.png,0,0
cd77a39f-be5c-419f-884c-564abcb5b6f7.png,0,0
ced4a711-dd23-4b9d-9d1a-3557006ebc29.png,0,0
cf4436b2-f54b-4994-9069-47799ef6dc9f.png,0,0
cfadf774-f961-44de-88aa-ce7f4b2fa848.png,0,0
d0c4f022-c711-4a4e-a1ad-51d35771dcee.png,0,0
d0d63cc5-3bcc-4c59-ba07-1eb9c8348842.png,0,0
d209c2e9-ca0d-4635-a6b1-95cf350d36fc.png,0,0
d298340c-c45c-4bd9-9193-101b210143f2.png,0,0
d29d63ef-f838-4e28-8540-3e416fe41d74.png,0,0
d2bb0965-284e-4683-aaaf-c90c2d2c79b3.png,0,0
d33e0199-7542-4b86-b525-9af24e41e537.png,0,0
d3e38c63-c16c-466e-b1fa-99afb5c47f9a.png,0,0
d3f6258e-c7de-4b90-bbe4-94fb6f6ca7e2.png,0,0
d487f2a4-5305-49a6-85b1-a03265a4c06b.png,0,0
d5578d5e-c7d6-4e84-ac4b-343d04c2bb55.png,0,0
d582ae73-c1f2-466e-8b96-ff25bc0e01ee.png,0,0
d5ab7c32-24e0-4437-8ff5-daa74dff065c.png,0,0
d5bfda34-da89-49f5-82e3-739d20164363.png,0,0
d61be2c3-a180-4661-807f-66415c124bcd.png,0,0
d6ba425c-6e7e-47cd-9387-424399f92206.png,0,0
d72a1edc-f6aa-4475-b45f-329f1f876c78.png,0,0
d7c65e37-f67b-40b7-af73-3f419964169a.png,0,0
d881c9ae-f66e-490d-982e-025a7c45d8bb.png,0,0
db777c87-0697-465a-9925-cdb2b7fcc386.png,0,0
db8b35a6-7a02-4284-b298-b3b17a2d8551.png,0,0
db8b5cd5-edc7-4392-ae2f-ebc667920e8a.png,0,0
db916c6c-70bf-4ade-956c-b79da881c750.png,0,0
dbb0982a-ea1a-449a-bb0f-c719e7e19864.png,0,0
ddf04b18-353f-4454-9fa3-9b4e4226ba8d.png,0,0
de0b86d0-c1a7-4856-82d6-920da22914dc.png,0,0
de93df00-b065-470c-8e4b-a4c5e46192be.png,0,0
df4ec33d-4a2c-4561-b96e-81199b736652.png,0,0
dfc5b59c-8fbe-4d98-b073-8d26fd295aea.png,0,0
e072184e-d9c4-410a-bf63-1cc659773479.png,0,0
e0c80ff4-b6e3-45b4-bab7-c26738780684.png,0,0
e1ae5ffc-97b1-433a-b312-cfc9e63640f5.png,0,0
e2027f66-925a-4e10-9faa-aa6b3da0ae29.png,0,0
e220b96f-c4b4-4c3e-956e-414f74302b4b.png,0,0
e2235083-3837-477f-976a-2416849bccab.png,0,0
e332840b-3927-494f-96d6-997f97ed6e87.png,0,0
e3f93125-c5bb-44bb-b160-67017e12c06f.png,0,0
e5568890-d110-4bb8-8afb-ee8d1e13500b.png,0,0
e5a95bbd-a3cd-4ecb-bdf0-fb58ccd904d1.png,0,0
e6a3a4f7-d611-466a-be6e-314650a4e52f.png,0,0
e7079920-39ca-44f6-b1b7-8802acc7a991.png,0,0
e729dc0d-ad91-42ec-9852-68a28f24160c.png,0,0
e7e42957-e414-4b99-985d-92e93d40127e.png,0,0
e81d0c95-ad56-4a56-a386-d5f82fc31092.png,0,0
e839e6ce-4e95-480c-ae1f-d4d948d5ba5e.png,0,0
e962f128-3aa4-405f-af98-bcb07a8cec94.png,0,0
e96e9026-cc79-4875-b6cb-7d03febdbf8a.png,0,0
ea459c9d-56af-44a8-892f-7600975f4715.png,0,0
ea4c1458-15c1-4bbb-b593-a09aa69306d4.png,0,0
ea8f4cc6-0447-4dc3-9107-7085bebf2ff9.png,0,0
eaab533b-eeb7-46c8-8d9c-cdc256188ea6.png,0,0
eae44d80-3527-4083-9fc4-acb1cc88c748.png,0,0
eaedafd0-c72b-48cd-afa6-2f935a4a23c8.png,0,0
eb1a1aef-28af-4d86-939e-2d9d61c36c96.png,0,0
eb2f84c1-c1c4-4124-a695-f2c21d545ba3.png,0,0
eba98cae-5ff1-40bb-b2e1-c1e8d38657cd.png,0,0
ed2423de-52de-4749-a284-dffe6859cedc.png,0,0
eea16a8e-8c36-435e-9f06-ebc9d11b218b.png,0,0
eec5726e-52c3-4cb8-8267-ceb2c3fe70ef.png,0,0
ef26b8b7-2464-4736-8aaa-fefb408e5897.png,0,0
ef4a21a0-f4c6-45d0-94bd-0ee62d0918c0.png,0,0
ef67d3c5-9bb4-4a8c-a2f4-0d4f7480e9b0.png,0,0
f00833c3-6371-4047-9155-495a5d282f26.png,0,0
f05336d7-785f-42d7-8725-6452bb3ff22e.png,0,0
f1c44895-0720-4c61-b549-06f9d54d454b.png,0,0
f23ef231-5c04-4d65-b785-ee4065570468.png,0,0
f2431af2-3987-4e54-9369-fa33518f57eb.png,0,0
f25d5362-1e18-4e4c-b2b1-7cb189fa627c.png,0,0
f2f9e0a9-6f5b-4498-9bc8-2282238ee5bd.png,0,0
f43cfd72-c103-4a70-ba99-0a839f363bdd.png,0,0
f4dcca87-2c1a-41bb-a7ae-42acfc2932a9.png,0,0
f4fcca90-f371-4ff7-b70f-ae32fe0bb6ad.png,0,0
f5930e2b-62bc-4a7c-9077-258880044349.png,0,0
f5d7b284-03e4-4b22-915f-d1b868498ba3.png,0,0
f66d9ea9-bdd2-41dd-81b4-f9da491df724.png,0,0
f6ad7143-27c3-4af1-9ff5-89e605977613.png,0,0
f78b7e26-a69b-4cad-9f2a-09ed9aadeddb.png,0,0
f9538671-739a-499f-a402-7074c928b619.png,0,0
f9945f21-f098-4111-a01c-1a64ea8164bf.png,0,0
f9cd93bc-63d4-4e0e-a2a8-912ef027542b.png,0,0
f9e7379d-57a7-475e-832b-2ce51fa5f399.png,0,0
fb4e93a4-6ec7-4643-8a5b-25291208e00c.png,0,0
fb530bb7-827b-479a-94bc-e7b186e9173a.png,0,0
fbc9a8a3-608d-44f1-a68f-ec705276f09f.png,0,0
fbf92af9-a8c1-4bf3-a29d-d0ea7488446c.png,0,0
fc0170df-be12-4fe9-9f2f-9483b9a19ce9.png,0,0
fc84599d-a1ea-429d-b32b-1e328e7ef15e.png,0,0
fcf48997-f090-49e9-ad66-3ce1bb31012b.png,0,0
fd0e84a4-c5b7-4f9c-988b-1973bd400364.png,0,0
fd75c8fc-37a1-488f-9672-8b75341e0fe1.png,0,0
fe070eb1-682b-4145-a0b7-10bb339d2c0a.png,0,0
fe139e2b-3441-4848-96d1-161d0efb439e.png,0,0
fe9498cb-ea7f-4b44-8d27-396625c08e77.png,0,0
fe96e25f-41a0-410f-b178-17a05cc73459.png,0,0
fead0deb-56d6-4bd6-ba2d-0a195b0ca306.png,0,0
fef740bb-c7c5-4495-8fd1-e4d1b5f62def.png,0,0
ff851c2c-91a0-4416-b416-f779d2d1c5c4.png,0,0
ffaad487-6706-4e79-9d9b-dc5c2756304b.png,0,0
fff408f4-b3f4-4c1d-a57b-b9f5c9d950ac.png,0,0
0153049f-fb50-4656-85fa-2905fbea28a8.png,1,1
08236ac6-252f-487f-bafa-87f622224e05.png,1,1
17776a6f-6cad-4447-a706-99abac634800.png,1,1
19728df2-9501-45fb-82a0-da894bedff8f.png,1,1
23885aa0-e6a8-40d1-bdf6-651310f246d0.png,1,1
27097e74-2474-4fe3-ad2d-0d1e7ef138fc.png,1,1
28146c49-c987-4293-be45-3500492f5c8e.png,1,1
33691127-14c5-4466-8d8e-2f1be45bac6e.png,1,1
40379eb7-35b2-4f2f-9c81-3576a9c23b93.png,1,1
407710c1-5824-4e17-978e-6f37cc65b791.png,1,1
46687f6f-d28b-4c9c-8490-3e2f660b4ded.png,1,1
52406347-e9c2-4a73-b11e-b3924a5779b5.png,1,1
53932e28-f5a0-4c06-9bb7-c01c88a863a4.png,1,1
5819c62c-0527-4648-a31c-b960e901bb1c.png,1,1
5994bf4d-f325-419b-ba9f-fed4e4fa2564.png,1,1
61266009-8516-433c-a07c-5305f05abcf0.png,1,1
62037047-e93e-4e63-96d9-edbdd5d09f9b.png,1,1
624316cc-c880-4295-9f72-fc67357a7f10.png,1,1
6386ab3e-7028-4f70-8106-9e7264b285e8.png,1,1
64020add-9fe2-4a09-829e-443bda4820c4.png,1,1
65251f98-08ce-4b3e-9af7-558adb6a9fd0.png,1,1
6629d821-bbc5-4a32-b93a-d4ff97861494.png,1,1
67920e87-5cbb-4942-85d4-09fcf60be96e.png,1,1
7040bf2d-7387-414f-8bc8-f92b98db8903.png,1,1
8638feb2-ce57-4939-9ae4-fb5e57b0b749.png,1,1
87745ca5-2c15-43f6-abb8-0f8f40cb287c.png,1,1
8921cdc2-e9ea-41e4-a96a-10e9689b5be8.png,1,1
91286b5e-95c7-404c-814c-f79d9bb4d00f.png,1,1
92403497-51c4-457d-9144-2fcdf872432a.png,1,1
9286e147-9bda-4405-abb1-3178b448467b.png,1,1
9392bfab-c3dc-41d2-9837-6d94498fc5e3.png,1,1
97341c63-424b-4da5-b797-562638587e66.png,1,1
a152f98a-1709-4e2a-ba75-1fa664f29707.png,1,1
a3114b2a-cf42-44ad-9d55-c1361715d29e.png,1,1
a38c7d9b-6f44-4d9b-9bbe-296d7524578b.png,1,1
a507ce23-5b31-4d78-a8bc-35091c4195a0.png,1,1
a63a5b18-a09d-428f-a7ee-3525439a40cf.png,1,1
a6909124-39f8-4f52-93d8-830a9dd12946.png,1,1
a758286b-f304-4622-8e32-8cca7ca88aab.png,1,1
a78fe51f-4776-4ec8-b4be-0d2f78bed9f1.png,1,1
a903e447-e9fc-448c-80be-1c31627371c5.png,1,1
a9d2956d-5c2e-429c-8a8a-b01a9fe448b5.png,1,1
aa2f7279-ce2c-4980-826d-9a441f8083fe.png,1,1
aaa84af4-0b28-4240-a2cf-0be4a5c5e44b.png,1,1
abe77c7f-aab8-4df3-adbb-c382fda2ded9.png,1,1
ac287fec-8f5c-4c4c-81f7-90257f9244e7.png,1,1
ad1d9bae-3dcb-4e14-8a16-e78af3305ef7.png,1,1
ad3894db-54b6-4c42-b703-edb834cba763.png,1,1
ae45f5a2-4be7-40d2-bf89-7b9bde30a061.png,1,1
ae75f649-45d7-4830-b15e-1181001e751a.png,1,1
aeab51c6-fda4-4c68-bd06-fb6fc5f9036f.png,1,1
aee967b1-9874-4f14-9269-0bf748726e3a.png,1,1
afd97b5b-aa24-417f-bfc0-afb5a815dda5.png,1,1
afe36178-9e9e-43ef-8342-f797b9ae68ac.png,1,1
afe9dc6c-5a59-43ec-83e3-afa432923ccf.png,1,1
b0b198d9-7153-4530-aa42-1fe1239a66f6.png,1,1
b1495452-8d5a-47f7-9ad4-fb605d2c7644.png,1,1
b2743285-fcf9-4951-8d34-95046ca2721a.png,1,1
b34fab77-b545-4ebf-b00a-8b1644cae790.png,1,1
b465b986-ae0e-4ebc-8dc2-e662c0f9eb4d.png,1,1
b603758a-b773-416d-a192-9ae8b7a7a43a.png,1,1
b6908db8-6bfe-480e-b925-142d22321e80.png,1,1
b7e65a3a-1198-488b-b09a-053d2d2c4884.png,1,1
b7f56960-b049-421f-aac0-525093d266d3.png,1,1
b8ddaa57-23a0-4493-8e11-487bde3d3cd6.png,1,1
b990906f-4b07-4785-8f2d-78f51d7e9dd1.png,1,1
ba33dfe6-f8fc-4f94-beb5-470ab875a998.png,1,1
bb39eeaf-a6a3-481b-9a8d-7177b409f71d.png,1,1
bbee88ac-83b3-4310-a7e8-1a34f35b4ca7.png,1,1
bc500c28-fe49-44a4-a783-0ff87b1f80db.png,1,1
bd4a6b9a-7f76-4d90-bfa0-fc2b2da762dd.png,1,1
bdc89e27-4828-4889-afe9-67d98132bb7e.png,1,1
bec539ab-5a96-4442-8ef7-ec4233dcedec.png,1,1
bfc24b52-4d1d-4471-87a8-e29b75a574f8.png,1,1
c052be49-3241-4829-a45a-0cda8bb89fc2.png,1,1
c2753c23-d8d9-4254-9a9a-3eb61a443c8d.png,1,1
c2f81b81-4932-483f-837f-63faf95557a2.png,1,1
c310d0a8-f335-479d-964b-73a85f9ebd98.png,1,1
c43143ec-9c86-44bb-82d0-4d3d1f515103.png,1,1
c4ef9cbf-d6df-462e-9a1d-5e1ba653f185.png,1,1
c5516200-62bc-4e16-9514-85b7108fefe3.png,1,1
c5d93fdb-9c34-4fd9-a0ff-b1115901601d.png,1,1
c679495b-264a-4225-b4d4-de3ee6b3d34c.png,1,1
c6a78e76-01a4-4820-99a8-32b9bede6299.png,1,1
c6b9285a-ba41-4abf-970a-3b696e222c1a.png,1,1
c78ce5dc-e8c3-4bb6-a21d-83fb5c9fb646.png,1,1
c84f1064-4e72-4643-ae3f-5470b28b4d46.png,1,1
c87f103f-626d-46d9-bb37-7cd8bc5e9a72.png,1,1
c9202c5f-5a4d-4434-88b9-21fc4c20ce34.png,1,1
c9cbe646-e854-4acd-aa40-9f45f254481f.png,1,1
cb9d1450-32cf-4e49-91aa-102e4f33cf65.png,1,1
cbaa33c7-6767-4d49-8623-9ece331f9b7d.png,1,1
cd820471-e59d-41dd-895b-ba169d18b467.png,1,1
cfab0ded-781d-4528-921e-7f955e6aca89.png,1,1
cfe0b349-9fd1-4e75-a03a-89503c88c307.png,1,1
d079cadd-2d96-4d9e-a08f-0d3598dbc510.png,1,1
d11cd418-482f-4e98-9e1e-d6a091b6a979.png,1,1
d1709cd3-c510-483f-ad41-56e4b86c2c0a.png,1,1
d240b1b6-4aeb-485b-9068-9e631bf0db40.png,1,1
d3aa519c-1089-45e6-b4d3-a13d5dbe132a.png,1,1
d4454e88-cd63-4333-abc0-13ad576ad2c9.png,1,1
d4f0af9c-8949-4dfa-8b49-194cdd96f06d.png,1,1
d50410a6-4173-4eff-b66b-2cee63fc08c4.png,1,1
d5663753-edfc-45eb-b21b-43594baa8ec3.png,1,1
d671c4b4-ebd3-4ebc-9a8f-1d0e34e92e20.png,1,1
d7d72886-ca1b-43ce-99e8-2c5578cf48ea.png,1,1
d8ea6a50-61e2-4e6b-b17b-27a1370a1a0e.png,1,1
d98fc34d-d76b-475d-a12c-6c47997cf202.png,1,1
d9945705-9db7-4115-9244-cf815fc95a69.png,1,1
dcd961b0-44d9-48be-b818-ba582afdf08c.png,1,1
ddb9cf7f-6094-48a3-8a33-f2ce2482206f.png,1,1
ddde7241-ae07-4550-83c8-8d2c46d6b3f6.png,1,1
dde37e4f-7570-42bc-8017-ec5c1875c9f9.png,1,1
e11dd89c-b8a2-4ec0-ad4f-7800e0c3b205.png,1,1
e18f4174-bb98-486e-aedb-8f882dd04fd6.png,1,1
e1ea6bf5-c7fc-4652-80cd-244223157b68.png,1,1
e47c0c7c-8b7b-4c0a-94c6-d9feefce6da9.png,1,1
e6e212db-4355-42e3-9732-68af9d707238.png,1,1
e8af6dc4-c7b3-4320-9d7f-5ac92a4718cf.png,1,1
e9602f11-1746-4f50-8b92-9d1b4d720c8c.png,1,1
e9ae4870-e8e1-4842-be10-7b1ded2387b5.png,1,1
ea757504-40cc-4c96-a6c4-818600d84b97.png,1,1
eaa22a6b-f22d-4753-8d4d-ac29325f08cb.png,1,1
eadb48f2-48aa-4ee7-bc04-3ee93738bf2d.png,1,1
eb31324e-bc06-49db-bb3b-0ee2affda854.png,1,1
ebb0637d-baa6-4b6c-a708-51e1ecccfc7a.png,1,1
ec3183a7-ad6d-44b8-84cb-4bee4cf598b7.png,1,1
ec33f138-5b57-456a-a9ac-e7f414a6ac85.png,1,1
ec4328e1-db79-4909-be12-9e74c6491c05.png,1,1
eff8b04b-56e0-409f-af86-9be6ae3d6969.png,1,1
f088cfa8-30f8-4aa1-823b-5a52f0d088fd.png,1,1
f1595d86-0443-486f-a672-7a02da6fb521.png,1,1
f279a4c8-335a-44f3-a18e-1e4af377833b.png,1,1
f28bbc63-d144-49eb-8d4f-843d9b8c6dde.png,1,1
f3462ba5-a26f-4c9d-b473-e6e60f571ba9.png,1,1
f4c11d60-cd44-4c3d-a6e9-9d6487c0e3dc.png,1,1
f822e3eb-799e-47c1-9cc5-4073079fdd9b.png,1,1
f9be45b5-e990-4535-ad7d-a3c85bcde279.png,1,0
fa58584a-8341-4d15-8dc4-1aee9bbf0220.png,1,1
fae182b0-b727-4815-bb37-af63a7e28803.png,1,1
fbb0b428-79d9-457e-aaea-2e5eaefa175c.png,1,1
fc551931-4928-4e27-bf8b-aea80e582a06.png,1,1
